lanes,steps,elapsed_sec,tps
1,21000,0.0022661685943603516,9266742.135718044
3,21000,0.007571697235107422,8320459.474778009
7,21000,0.012776851654052734,11505181.713006157
9,21000,0.016501665115356445,11453389.623336656
12,21000,0.021120071411132812,11931777.837984286
15,21000,0.03598189353942871,8754403.090399485
18,21000,0.04908108711242676,7701540.903813738
21,21000,0.050055503845214844,8810219.978280336
