lanes,steps,elapsed_sec,tps
1,21000,0.0019724369049072266,10646728.393569443
3,21000,0.008825063705444336,7138758.665405917
7,21000,0.01294398307800293,11356627.949383875
9,21000,0.01552128791809082,12176824.564906837
12,21000,0.020555734634399414,12259352.656668639
15,21000,0.03129458427429199,10065639.384727905
18,21000,0.03668999671936035,10302535.6718154
21,21000,0.04219651222229004,10451100.737350622
